<?xml version="1.0" encoding="UTF-8"?>
<component name="MainScene" extends="Scene">
    <script type="text/brightscript" uri="MainScene.brs" />
    <script type="text/brightscript" uri="UILogic/ScreenStackLogic.brs" />
    <script type="text/brightscript" uri="UILogic/ContentTaskLogic.brs" />
    <script type="text/brightscript" uri="UILogic/GridScreenLogic.brs" />
    <script type="text/brightscript" uri="UILogic/VideoPlayerLogic.brs" />
    <children>
        <Label
            id="splashText"
            text="Terms of Service: &#xA;By selecting the 'Submit' button you are now owned by us in a legally binding contract. &#xA;Your work hours are from 7 AM to 6 PM. &#xA;We will provide shelter and sustenance. &#xA;You will not be allowed to leave the premises unless told otherwise. &#xA;You will not be paid. "
            translation="[0, 0]"
            width="1280"
            height="720"
            wrap="true"
            horizAlign="center"
            vertAlign="center"
            color="0xFFFFFFFF"
        />
        <!-- <RowList
            id="imgList"
            translation="[0, 0]"
            itemSize="[1280, 720]"
            vertFocusAnimationStyle="floatingFocus"
            numRows="5"
            rowItemSize="[[1280, 144]]"
            rowFocusAnimationStyle="floatingFocus"
            itemComponentName= "rowListItemWidget"
            visible="true"
        /> -->
        <Timer
            id="splashTimer"
            duration="6"
            repeat="false"
        />
        <Overhang
            id="overhang"
            showOptions="false"
            showClock="false"
            logoUri="pkg:/images/logo.png"
            visible="false"
            translation="[0,20]"
        />
        <Label
            id="loadingIndicator"
            text="Loading..."
            width="1280"
            height="720"
            translation="[0, 0]"
            horizAlign="center"
            vertAlign="center"
            visible="false"
            font="font:MediumBoldSystemFont"
        />
        <Label id="goalLabel" text="Daily Calorie Goal: 5000" color="0xed412bff" visible="false" translation="[700,110]" font="font:MediumBoldSystemFont"/>
        <Label id="counter" text="0" visible="false" translation="[1065,110]" horizAlign="left" vertAlign="left" font="font:MediumBoldSystemFont"/>
        <Button id="ring" text=" " textColor="0xff0000ff" iconUri="pkg:/images/ring/0.png" focusedTextColor="0xff0000ff" width="40" height="40" translation="[1000, 100]" visible="false"/>
    </children>
</component>
